Zone,Sub-division,Station,Year,Fatal,Killed,Non-Fatal,Injured,Total,Fatal_Rate,NonFatal_Rate
East,,Adugodi,2018,3,3.0,47,53.0,50,0.06,0.94
East,,Adugodi,2019,6,6.0,56,55.0,62,0.0967741935483871,0.9032258064516129
East,,Adugodi,2020,2,2.0,27,30.0,29,0.06896551724137931,0.9310344827586207
East,,Adugodi,2021,2,8.0,17,20.0,19,0.10526315789473684,0.8947368421052632
East,,Adugodi,2022,6,6.0,36,41.0,42,0.14285714285714285,0.8571428571428571
South,South East,Adugodi,2023,10,10.0,53,67.0,63,0.15873015873015872,0.8412698412698413
South,South East,Adugodi,2024,5,,45,,50,0.1,0.9
East,,Airport,2018,24,26.0,85,77.0,109,0.22018348623853212,0.7798165137614679
East,,Airport,2019,16,16.0,68,59.0,84,0.19047619047619047,0.8095238095238095
East,,Airport,2020,19,19.0,45,40.0,64,0.296875,0.703125
East,,Airport,2021,34,35.0,109,113.0,143,0.23776223776223776,0.7622377622377622
East,,Airport,2022,18,18.0,65,65.0,83,0.21686746987951808,0.7831325301204819
East,Whitefield,Airport,2023,17,17.0,80,80.0,97,0.17525773195876287,0.8247422680412371
East,Whitefield,Airport,2024,22,,74,,96,0.22916666666666666,0.7708333333333334
East,,Ashokanagar,2018,4,4.0,51,55.0,55,0.07272727272727272,0.9272727272727272
East,,Ashokanagar,2019,6,6.0,58,55.0,64,0.09375,0.90625
East,,Ashokanagar,2020,5,7.0,35,37.0,40,0.125,0.875
East,,Ashokanagar,2021,5,5.0,37,48.0,42,0.11904761904761904,0.8809523809523809
East,,Ashokanagar,2022,4,4.0,31,29.0,35,0.11428571428571428,0.8857142857142857
West,Central,Ashokanagar,2023,6,6.0,32,30.0,38,0.15789473684210525,0.8421052631578947
West,Central,Ashokanagar,2024,4,,31,,35,0.11428571428571428,0.8857142857142857
West,,B.Pura,2018,17,18.0,100,104.0,117,0.1452991452991453,0.8547008547008547
West,,B.Pura,2019,18,18.0,108,101.0,126,0.14285714285714285,0.8571428571428571
West,,B.Pura,2020,19,20.0,87,68.0,106,0.1792452830188679,0.8207547169811321
West,,B.Pura,2021,21,21.0,100,90.0,121,0.17355371900826447,0.8264462809917356
West,,B.Pura,2022,39,40.0,122,110.0,161,0.2422360248447205,0.7577639751552795
East,,Banasawadi,2018,21,21.0,108,133.0,129,0.16279069767441862,0.8372093023255814
East,,Banasawadi,2019,19,19.0,110,106.0,129,0.14728682170542637,0.8527131782945736
East,,Banasawadi,2020,15,16.0,76,68.0,91,0.16483516483516483,0.8351648351648352
East,,Banasawadi,2021,20,21.0,79,81.0,99,0.20202020202020202,0.797979797979798
East,,Banasawadi,2022,22,22.0,94,118.0,116,0.1896551724137931,0.8103448275862069
East,East,Banasawadi,2023,14,15.0,77,82.0,91,0.15384615384615385,0.8461538461538461
East,East,Banasawadi,2024,6,,59,,65,0.09230769230769231,0.9076923076923077
West,,Banashankari,2018,8,8.0,92,83.0,100,0.08,0.92
West,,Banashankari,2019,7,7.0,96,98.0,103,0.06796116504854369,0.9320388349514563
West,,Banashankari,2020,12,12.0,55,54.0,67,0.1791044776119403,0.8208955223880597
West,,Banashankari,2021,13,13.0,57,58.0,70,0.18571428571428572,0.8142857142857143
West,,Banashankari,2022,16,17.0,51,55.0,67,0.23880597014925373,0.7611940298507462
South,South,Banashankari,2023,15,15.0,75,66.0,90,0.16666666666666666,0.8333333333333334
South,South,Banashankari,2024,11,,68,,79,0.13924050632911392,0.8607594936708861
West,,Basavanagudi,2018,3,3.0,67,60.0,70,0.04285714285714286,0.9571428571428572
West,,Basavanagudi,2019,6,6.0,54,56.0,60,0.1,0.9
West,,Basavanagudi,2020,6,6.0,46,42.0,52,0.11538461538461539,0.8846153846153846
West,,Basavanagudi,2021,5,5.0,43,31.0,48,0.10416666666666667,0.8958333333333334
West,,Basavanagudi,2022,7,7.0,78,59.0,85,0.08235294117647059,0.9176470588235294
South,South,Basavanagudi,2023,3,3.0,99,98.0,102,0.029411764705882353,0.9705882352941176
South,South,Basavanagudi,2024,8,,82,,90,0.08888888888888889,0.9111111111111111
South,HSR Layout,Bellanduru,2023,9,9.0,34,34.0,43,0.20930232558139536,0.7906976744186046
South,HSR Layout,Bellanduru,2024,14,,43,,57,0.24561403508771928,0.7543859649122807
West,West,Bytarayanapura,2023,19,19.0,163,125.0,182,0.1043956043956044,0.8956043956043956
West,West,Bytarayanapura,2024,19,,127,,146,0.13013698630136986,0.8698630136986302
West,,Chamarajapet,2018,4,4.0,38,38.0,42,0.09523809523809523,0.9047619047619048
West,,Chamarajapet,2019,7,7.0,34,37.0,41,0.17073170731707318,0.8292682926829268
West,,Chamarajapet,2020,6,6.0,23,25.0,29,0.20689655172413793,0.7931034482758621
West,,Chamarajapet,2021,6,6.0,22,24.0,28,0.21428571428571427,0.7857142857142857
West,,Chamarajapet,2022,7,7.0,44,46.0,51,0.13725490196078433,0.8627450980392157
South,South,Chamarajpet,2023,4,4.0,25,22.0,29,0.13793103448275862,0.8620689655172413
South,South,Chamarajpet,2024,0,,15,,15,0.0,1.0
West,,Chickpet,2018,10,10.0,44,48.0,54,0.18518518518518517,0.8148148148148148
West,,Chickpet,2019,12,12.0,58,62.0,70,0.17142857142857143,0.8285714285714286
West,,Chickpet,2020,6,6.0,30,28.0,36,0.16666666666666666,0.8333333333333334
West,,Chickpet,2021,6,6.0,24,21.0,30,0.2,0.8
West,,Chickpet,2022,7,7.0,33,32.0,40,0.175,0.825
West,West,Chickpet,2023,9,10.0,37,31.0,46,0.1956521739130435,0.8043478260869565
West,West,Chickpet,2024,8,,33,,41,0.1951219512195122,0.8048780487804879
North,,Chikjala,2018,38,39.0,114,151.0,152,0.25,0.75
North,,Chikjala,2019,41,44.0,154,191.0,195,0.21025641025641026,0.7897435897435897
North,,Chikjala,2020,30,31.0,152,172.0,182,0.16483516483516483,0.8351648351648352
North,,Chikjala,2021,32,40.0,157,191.0,189,0.1693121693121693,0.8306878306878307
North,,Chikjala,2022,42,42.0,132,144.0,174,0.2413793103448276,0.7586206896551724
North,North,Chikkabanavara,2024,16,,74,,90,0.17777777777777778,0.8222222222222222
North,North East,Chikkajala,2023,36,39.0,101,129.0,137,0.26277372262773724,0.7372262773722628
North,North East,Chikkajala,2024,32,,108,,140,0.22857142857142856,0.7714285714285715
West,,City Market,2018,2,2.0,18,17.0,20,0.1,0.9
West,,City Market,2019,3,3.0,17,16.0,20,0.15,0.85
West,,City Market,2020,3,3.0,6,6.0,9,0.3333333333333333,0.6666666666666666
West,,City Market,2021,2,2.0,5,4.0,7,0.2857142857142857,0.7142857142857143
West,,City Market,2022,3,3.0,15,14.0,18,0.16666666666666666,0.8333333333333334
West,West,City Market,2023,9,9.0,23,28.0,32,0.28125,0.71875
West,West,City Market,2024,11,,31,,42,0.2619047619047619,0.7380952380952381
East,,Cubbon Park,2018,2,2.0,52,53.0,54,0.037037037037037035,0.9629629629629629
East,,Cubbon Park,2019,5,5.0,46,56.0,51,0.09803921568627451,0.9019607843137255
East,,Cubbon Park,2020,2,2.0,24,28.0,26,0.07692307692307693,0.9230769230769231
East,,Cubbon Park,2021,4,4.0,34,35.0,38,0.10526315789473684,0.8947368421052632
East,,Cubbon Park,2022,4,5.0,33,31.0,37,0.10810810810810811,0.8918918918918919
West,Central,Cubbon Park,2023,2,2.0,54,41.0,56,0.03571428571428571,0.9642857142857143
West,Central,Cubbon Park,2024,6,,42,,48,0.125,0.875
North,,Devanahalli,2018,39,45.0,122,189.0,161,0.2422360248447205,0.7577639751552795
North,,Devanahalli,2019,33,37.0,127,197.0,160,0.20625,0.79375
North,,Devanahalli,2020,25,27.0,88,133.0,113,0.22123893805309736,0.7787610619469026
North,,Devanahalli,2021,23,24.0,145,209.0,168,0.13690476190476192,0.8630952380952381
North,,Devanahalli,2022,30,31.0,124,164.0,154,0.19480519480519481,0.8051948051948052
East,,East Total,2023,165,169.0,839,806.0,1004,0.1643426294820717,0.8356573705179283
East,,East Total,2024,171,,812,,983,0.17395727365208546,0.8260427263479145
East,,Electronic City,2018,27,29.0,133,115.0,160,0.16875,0.83125
East,,Electronic City,2019,32,33.0,138,122.0,170,0.18823529411764706,0.8117647058823529
East,,Electronic City,2020,31,31.0,124,109.0,155,0.2,0.8
East,,Electronic City,2021,27,30.0,102,116.0,129,0.20930232558139536,0.7906976744186046
East,,Electronic City,2022,26,26.0,113,128.0,139,0.18705035971223022,0.8129496402877698
South,HSR Layout,Electronic City,2023,38,39.0,158,171.0,196,0.19387755102040816,0.8061224489795918
South,HSR Layout,Electronic City,2024,42,,136,,178,0.23595505617977527,0.7640449438202247
East,,F.Town,2018,5,5.0,16,13.0,21,0.23809523809523808,0.7619047619047619
East,,F.Town,2019,10,10.0,20,17.0,30,0.3333333333333333,0.6666666666666666
East,,F.Town,2020,8,8.0,11,9.0,19,0.42105263157894735,0.5789473684210527
East,,F.Town,2021,10,10.0,9,7.0,19,0.5263157894736842,0.47368421052631576
East,,F.Town,2022,4,4.0,5,5.0,9,0.4444444444444444,0.5555555555555556
,,Grand Total,2018,663,686.0,3948,4129.0,4611,0.14378659726740403,0.8562134027325959
,,Grand Total,2019,746,768.0,3938,4250.0,4684,0.159265584970111,0.840734415029889
,,Grand Total,2020,622,647.0,2614,2760.0,3236,0.19221260815822003,0.80778739184178
,,Grand Total,2021,618,651.0,2593,2828.0,3211,0.19246340703830583,0.8075365929616942
,,Grand Total,2022,751,771.0,3072,3218.0,3823,0.19644258435783415,0.8035574156421659
Total,,Grand Total,2023,882,910.0,4092,4191.0,4974,0.1773220747889023,0.8226779252110977
Total,,Grand Total,2024,852,,3948,,4800,0.1775,0.8225
East,,H.Grounds,2018,2,2.0,58,51.0,60,0.03333333333333333,0.9666666666666667
East,,H.Grounds,2019,5,5.0,48,54.0,53,0.09433962264150944,0.9056603773584906
East,,H.Grounds,2020,6,6.0,39,34.0,45,0.13333333333333333,0.8666666666666667
East,,H.Grounds,2021,2,2.0,36,38.0,38,0.05263157894736842,0.9473684210526315
East,,H.Grounds,2022,4,4.0,45,33.0,49,0.08163265306122448,0.9183673469387755
West,Central,H.Grounds,2023,6,6.0,50,47.0,56,0.10714285714285714,0.8928571428571429
West,Central,H.Grounds,2024,7,,48,,55,0.12727272727272726,0.8727272727272727
East,,HSR Layout,2018,17,17.0,83,98.0,100,0.17,0.83
East,,HSR Layout,2019,25,25.0,81,109.0,106,0.2358490566037736,0.7641509433962265
East,,HSR Layout,2020,15,16.0,60,86.0,75,0.2,0.8
East,,HSR Layout,2021,15,15.0,41,49.0,56,0.26785714285714285,0.7321428571428571
East,,HSR Layout,2022,14,14.0,50,56.0,64,0.21875,0.78125
South,HSR Layout,HSR Layout,2023,16,17.0,40,56.0,56,0.2857142857142857,0.7142857142857143
South,HSR Layout,HSR Layout,2024,12,,49,,61,0.19672131147540983,0.8032786885245902
East,East,Halasooru,2023,11,11.0,56,48.0,67,0.16417910447761194,0.835820895522388
East,East,Halasooru,2024,12,,49,,61,0.19672131147540983,0.8032786885245902
North,,Hebbala,2018,32,33.0,106,113.0,138,0.2318840579710145,0.7681159420289855
North,,Hebbala,2019,32,33.0,109,118.0,141,0.22695035460992907,0.7730496453900709
North,,Hebbala,2020,28,28.0,81,99.0,109,0.25688073394495414,0.7431192660550459
North,,Hebbala,2021,18,18.0,97,99.0,115,0.1565217391304348,0.8434782608695652
North,,Hebbala,2022,29,30.0,72,88.0,101,0.2871287128712871,0.7128712871287128
North,North East,Hebbala,2023,24,24.0,120,118.0,144,0.16666666666666666,0.8333333333333334
North,North East,Hebbala,2024,29,,148,,177,0.1638418079096045,0.8361581920903954
North,North East,Hennuru,2023,23,24.0,80,84.0,103,0.22330097087378642,0.7766990291262136
North,North East,Hennuru,2024,32,,95,,127,0.25196850393700787,0.7480314960629921
East,,HuliMavu,2018,30,33.0,106,118.0,136,0.22058823529411764,0.7794117647058824
East,,HuliMavu,2019,15,15.0,108,104.0,123,0.12195121951219512,0.8780487804878049
East,,HuliMavu,2020,16,16.0,64,74.0,80,0.2,0.8
East,,HuliMavu,2021,6,6.0,68,71.0,74,0.08108108108108109,0.918918918918919
East,,HuliMavu,2022,10,11.0,103,93.0,113,0.08849557522123894,0.911504424778761
South,South East,Hulimavu,2023,16,16.0,92,117.0,108,0.14814814814814814,0.8518518518518519
South,South East,Hulimavu,2024,10,,61,,71,0.14084507042253522,0.8591549295774648
East,,Indiranagar,2018,11,11.0,63,60.0,74,0.14864864864864866,0.8513513513513513
East,,Indiranagar,2019,14,14.0,94,92.0,108,0.12962962962962962,0.8703703703703703
East,,Indiranagar,2020,9,9.0,40,45.0,49,0.1836734693877551,0.8163265306122449
East,,Indiranagar,2021,5,5.0,27,28.0,32,0.15625,0.84375
East,,Indiranagar,2022,13,13.0,35,40.0,48,0.2708333333333333,0.7291666666666666
East,East,Indiranagar,2023,12,12.0,73,62.0,85,0.1411764705882353,0.8588235294117647
East,East,Indiranagar,2024,21,,98,,119,0.17647058823529413,0.8235294117647058
North,North East,Int. Aiport,2023,59,61.0,173,215.0,232,0.2543103448275862,0.7456896551724138
North,North East,Int. Aiport,2024,60,,180,,240,0.25,0.75
West,,Jalahalli,2018,21,21.0,153,158.0,174,0.1206896551724138,0.8793103448275862
West,,Jalahalli,2019,21,22.0,86,104.0,107,0.19626168224299065,0.8037383177570093
West,,Jalahalli,2020,19,20.0,53,63.0,72,0.2638888888888889,0.7361111111111112
West,,Jalahalli,2021,22,23.0,68,80.0,90,0.24444444444444444,0.7555555555555555
West,,Jalahalli,2022,15,16.0,65,75.0,80,0.1875,0.8125
North,North,Jalahalli,2023,28,29.0,74,84.0,102,0.27450980392156865,0.7254901960784313
North,North,Jalahalli,2024,15,,54,,69,0.21739130434782608,0.782608695652174
West,,Jayanagar,2018,9,9.0,72,71.0,81,0.1111111111111111,0.8888888888888888
West,,Jayanagar,2019,16,16.0,61,63.0,77,0.2077922077922078,0.7922077922077922
West,,Jayanagar,2020,15,15.0,39,46.0,54,0.2777777777777778,0.7222222222222222
West,,Jayanagar,2021,10,10.0,50,55.0,60,0.16666666666666666,0.8333333333333334
West,,Jayanagar,2022,8,8.0,85,89.0,93,0.08602150537634409,0.9139784946236559
South,South,Jayanagar,2023,13,13.0,77,77.0,90,0.14444444444444443,0.8555555555555555
South,South,Jayanagar,2024,12,,73,,85,0.1411764705882353,0.8588235294117647
West,West,Jnanabharathi,2024,22,,119,,141,0.15602836879432624,0.8439716312056738
East,,K G Halli,2018,4,4.0,19,24.0,23,0.17391304347826086,0.8260869565217391
East,,K G Halli,2019,7,7.0,22,21.0,29,0.2413793103448276,0.7586206896551724
East,,K G Halli,2020,3,3.0,17,22.0,20,0.15,0.85
East,,K G Halli,2021,5,5.0,17,18.0,22,0.22727272727272727,0.7727272727272727
East,,K G Halli,2022,7,7.0,23,24.0,30,0.23333333333333334,0.7666666666666667
East,East,K G Halli,2023,6,6.0,34,39.0,40,0.15,0.85
East,East,K G Halli,2024,7,,47,,54,0.12962962962962962,0.8703703703703703
East,Whitefield,K R Puram,2023,41,42.0,213,217.0,254,0.16141732283464566,0.8385826771653543
East,Whitefield,K R Puram,2024,34,,207,,241,0.14107883817427386,0.8589211618257261
South,South,K S Layout,2023,18,18.0,136,137.0,154,0.11688311688311688,0.8831168831168831
South,South,K S Layout,2024,20,,90,,110,0.18181818181818182,0.8181818181818182
East,,K.R.Pura,2018,42,43.0,241,221.0,283,0.14840989399293286,0.8515901060070671
East,,K.R.Pura,2019,49,50.0,220,230.0,269,0.1821561338289963,0.8178438661710037
East,,K.R.Pura,2020,48,50.0,136,129.0,184,0.2608695652173913,0.7391304347826086
East,,K.R.Pura,2021,17,18.0,47,48.0,64,0.265625,0.734375
East,,K.R.Pura,2022,39,39.0,166,191.0,205,0.1902439024390244,0.8097560975609757
West,,K.Swamy Lyt.,2018,33,35.0,157,141.0,190,0.1736842105263158,0.8263157894736842
West,,K.Swamy Lyt.,2019,26,28.0,166,168.0,192,0.13541666666666666,0.8645833333333334
West,,K.Swamy Lyt.,2020,37,39.0,122,130.0,159,0.23270440251572327,0.7672955974842768
West,,K.Swamy Lyt.,2021,45,48.0,95,129.0,140,0.32142857142857145,0.6785714285714286
West,,K.Swamy Lyt.,2022,34,36.0,141,159.0,175,0.19428571428571428,0.8057142857142857
West,,Kamakshipalya,2018,22,22.0,187,202.0,209,0.10526315789473684,0.8947368421052632
West,,Kamakshipalya,2019,25,27.0,194,207.0,219,0.1141552511415525,0.8858447488584474
West,,Kamakshipalya,2020,24,26.0,135,154.0,159,0.1509433962264151,0.8490566037735849
West,,Kamakshipalya,2021,33,34.0,124,117.0,157,0.21019108280254778,0.7898089171974523
West,,Kamakshipalya,2022,49,50.0,151,146.0,200,0.245,0.755
West,Vijayanagar,Kamakshipalya,2023,40,41.0,201,202.0,241,0.16597510373443983,0.8340248962655602
West,Vijayanagar,Kamakshipalya,2024,18,,126,,144,0.125,0.875
West,,Kengeri,2018,24,25.0,137,198.0,161,0.14906832298136646,0.8509316770186336
West,,Kengeri,2019,26,27.0,145,178.0,171,0.15204678362573099,0.847953216374269
West,,Kengeri,2020,22,24.0,64,88.0,86,0.2558139534883721,0.7441860465116279
West,,Kengeri,2021,22,24.0,85,82.0,107,0.205607476635514,0.794392523364486
West,,Kengeri,2022,34,36.0,87,108.0,121,0.2809917355371901,0.71900826446281
West,West,Kengeri,2023,58,59.0,221,237.0,279,0.2078853046594982,0.7921146953405018
West,West,Kengeri,2024,31,,146,,177,0.1751412429378531,0.8248587570621468
East,,Madivala,2018,18,18.0,64,69.0,82,0.21951219512195122,0.7804878048780488
East,,Madivala,2019,17,18.0,67,65.0,84,0.20238095238095238,0.7976190476190477
East,,Madivala,2020,11,11.0,34,35.0,45,0.24444444444444444,0.7555555555555555
East,,Madivala,2021,8,8.0,46,51.0,54,0.14814814814814814,0.8518518518518519
East,,Madivala,2022,13,13.0,32,30.0,45,0.28888888888888886,0.7111111111111111
South,South East,Madivala,2023,14,14.0,59,53.0,73,0.1917808219178082,0.8082191780821918
South,South East,Madivala,2024,21,,81,,102,0.20588235294117646,0.7941176470588235
West,,Magadi Road,2018,1,1.0,34,31.0,35,0.02857142857142857,0.9714285714285714
West,,Magadi Road,2019,6,6.0,41,49.0,47,0.1276595744680851,0.8723404255319149
West,,Magadi Road,2020,4,4.0,21,18.0,25,0.16,0.84
West,,Magadi Road,2021,4,4.0,24,23.0,28,0.14285714285714285,0.8571428571428571
West,,Magadi Road,2022,4,4.0,16,17.0,20,0.2,0.8
West,Vijayanagar,Magadi Road,2023,7,7.0,43,42.0,50,0.14,0.86
West,Vijayanagar,Magadi Road,2024,4,,36,,40,0.1,0.9
East,Whitefield,Mahadevapura,2023,11,12.0,82,72.0,93,0.11827956989247312,0.8817204301075269
East,Whitefield,Mahadevapura,2024,17,,89,,106,0.16037735849056603,0.839622641509434
North,North,Malleshwaram,2023,18,18.0,81,88.0,99,0.18181818181818182,0.8181818181818182
North,North,Malleshwaram,2024,10,,56,,66,0.15151515151515152,0.8484848484848485
West,,Malleswaram,2018,5,5.0,96,85.0,101,0.04950495049504951,0.9504950495049505
West,,Malleswaram,2019,7,7.0,83,111.0,90,0.07777777777777778,0.9222222222222223
West,,Malleswaram,2020,8,8.0,37,34.0,45,0.17777777777777778,0.8222222222222222
West,,Malleswaram,2021,6,6.0,30,32.0,36,0.16666666666666666,0.8333333333333334
West,,Malleswaram,2022,6,6.0,50,45.0,56,0.10714285714285714,0.8928571428571429
East,,Mico layout,2018,6,6.0,58,58.0,64,0.09375,0.90625
East,,Mico layout,2019,12,12.0,72,73.0,84,0.14285714285714285,0.8571428571428571
East,,Mico layout,2020,10,10.0,51,42.0,61,0.16393442622950818,0.8360655737704918
East,,Mico layout,2021,9,9.0,61,60.0,70,0.12857142857142856,0.8714285714285714
East,,Mico layout,2022,11,11.0,42,44.0,53,0.20754716981132076,0.7924528301886793
South,South East,Micolayout,2023,14,14.0,74,71.0,88,0.1590909090909091,0.8409090909090909
South,South East,Micolayout,2024,23,,73,,96,0.23958333333333334,0.7604166666666666
North,,North Total,2023,323,337.0,1212,1358.0,1535,0.21042345276872965,0.7895765472312704
North,,North Total,2024,319,,1227,,1546,0.20633893919793014,0.7936610608020699
West,,Peenya,2018,23,23.0,204,213.0,227,0.1013215859030837,0.8986784140969163
West,,Peenya,2019,33,34.0,183,185.0,216,0.1527777777777778,0.8472222222222222
West,,Peenya,2020,16,16.0,110,116.0,126,0.12698412698412698,0.873015873015873
West,,Peenya,2021,22,22.0,103,113.0,125,0.176,0.824
West,,Peenya,2022,32,33.0,146,135.0,178,0.1797752808988764,0.8202247191011236
North,North,Peenya,2023,32,32.0,160,191.0,192,0.16666666666666666,0.8333333333333334
North,North,Peenya,2024,26,,111,,137,0.1897810218978102,0.8102189781021898
East,East,Pulikeshinagar,2023,4,4.0,23,24.0,27,0.14814814814814814,0.8518518518518519
East,East,Pulikeshinagar,2024,4,,14,,18,0.2222222222222222,0.7777777777777778
North,North East,R T Nagar,2023,8,8.0,74,63.0,82,0.0975609756097561,0.9024390243902439
North,North East,R T Nagar,2024,7,,54,,61,0.11475409836065574,0.8852459016393442
North,,RT Nagar,2018,7,8.0,87,81.0,94,0.07446808510638298,0.925531914893617
North,,RT Nagar,2019,11,12.0,63,56.0,74,0.14864864864864866,0.8513513513513513
North,,RT Nagar,2020,9,10.0,50,41.0,59,0.15254237288135594,0.847457627118644
North,,RT Nagar,2021,10,10.0,55,50.0,65,0.15384615384615385,0.8461538461538461
North,,RT Nagar,2022,11,11.0,56,50.0,67,0.16417910447761194,0.835820895522388
West,,Rajajinagar,2018,14,14.0,57,66.0,71,0.19718309859154928,0.8028169014084507
West,,Rajajinagar,2019,10,10.0,45,51.0,55,0.18181818181818182,0.8181818181818182
West,,Rajajinagar,2020,12,12.0,36,44.0,48,0.25,0.75
West,,Rajajinagar,2021,14,14.0,52,58.0,66,0.21212121212121213,0.7878787878787878
West,,Rajajinagar,2022,25,27.0,76,77.0,101,0.24752475247524752,0.7524752475247525
North,North,Rajajinagar,2023,16,17.0,86,82.0,102,0.1568627450980392,0.8431372549019608
North,North,Rajajinagar,2024,11,,88,,99,0.1111111111111111,0.8888888888888888
East,,S.S.Nagar,2018,8,8.0,78,74.0,86,0.09302325581395349,0.9069767441860465
East,,S.S.Nagar,2019,6,6.0,52,54.0,58,0.10344827586206896,0.896551724137931
East,,S.S.Nagar,2020,8,8.0,51,61.0,59,0.13559322033898305,0.864406779661017
East,,S.S.Nagar,2021,4,4.0,60,51.0,64,0.0625,0.9375
East,,S.S.Nagar,2022,13,13.0,55,50.0,68,0.19117647058823528,0.8088235294117647
West,Central,S.S.Nagar,2023,8,8.0,39,33.0,47,0.1702127659574468,0.8297872340425532
West,Central,S.S.Nagar,2024,5,,48,,53,0.09433962264150944,0.9056603773584906
East,,Shivajinagar,2018,2,2.0,23,23.0,25,0.08,0.92
East,,Shivajinagar,2019,7,7.0,27,22.0,34,0.20588235294117646,0.7941176470588235
East,,Shivajinagar,2020,1,1.0,14,10.0,15,0.06666666666666667,0.9333333333333333
East,,Shivajinagar,2021,3,3.0,8,5.0,11,0.2727272727272727,0.7272727272727273
East,,Shivajinagar,2022,4,4.0,21,25.0,25,0.16,0.84
East,East,Shivajinagar,2023,6,6.0,21,19.0,27,0.2222222222222222,0.7777777777777778
East,East,Shivajinagar,2024,4,,30,,34,0.11764705882352941,0.8823529411764706
South,,South Total,2023,192,198.0,989,1038.0,1181,0.16257408975444537,0.8374259102455546
South,,South Total,2024,198,,920,,1118,0.1771019677996422,0.8228980322003577
South,South,Thalagattapura,2023,22,26.0,67,69.0,89,0.24719101123595505,0.7528089887640449
South,South,Thalagattapura,2024,20,,104,,124,0.16129032258064516,0.8387096774193549
East,,U.Gate,2018,4,4.0,43,40.0,47,0.0851063829787234,0.9148936170212766
East,,U.Gate,2019,2,2.0,51,49.0,53,0.03773584905660377,0.9622641509433962
East,,U.Gate,2020,4,5.0,29,27.0,33,0.12121212121212122,0.8787878787878788
East,,U.Gate,2021,3,3.0,22,26.0,25,0.12,0.88
East,,U.Gate,2022,5,5.0,30,27.0,35,0.14285714285714285,0.8571428571428571
West,Central,U.Gate,2023,7,8.0,47,44.0,54,0.12962962962962962,0.8703703703703703
West,Central,U.Gate,2024,6,,62,,68,0.08823529411764706,0.9117647058823529
East,,Ulsoor,2018,12,12.0,69,67.0,81,0.14814814814814814,0.8518518518518519
East,,Ulsoor,2019,14,15.0,88,84.0,102,0.13725490196078433,0.8627450980392157
East,,Ulsoor,2020,14,14.0,37,41.0,51,0.27450980392156865,0.7254901960784313
East,,Ulsoor,2021,19,19.0,28,35.0,47,0.40425531914893614,0.5957446808510638
East,,Ulsoor,2022,13,14.0,63,80.0,76,0.17105263157894737,0.8289473684210527
West,,Upparpet,2018,6,6.0,40,41.0,46,0.13043478260869565,0.8695652173913043
West,,Upparpet,2019,10,10.0,37,37.0,47,0.2127659574468085,0.7872340425531915
West,,Upparpet,2020,2,2.0,15,15.0,17,0.11764705882352941,0.8823529411764706
West,,Upparpet,2021,4,4.0,17,18.0,21,0.19047619047619047,0.8095238095238095
West,,Upparpet,2022,3,3.0,24,25.0,27,0.1111111111111111,0.8888888888888888
West,West,Upparpet,2023,9,9.0,20,18.0,29,0.3103448275862069,0.6896551724137931
West,West,Upparpet,2024,11,,35,,46,0.2391304347826087,0.7608695652173914
West,,Vijayanagar,2018,7,7.0,124,110.0,131,0.05343511450381679,0.9465648854961832
West,,Vijayanagar,2019,9,9.0,113,111.0,122,0.07377049180327869,0.9262295081967213
West,,Vijayanagar,2020,8,8.0,84,76.0,92,0.08695652173913043,0.9130434782608695
West,,Vijayanagar,2021,8,8.0,86,96.0,94,0.0851063829787234,0.9148936170212766
West,,Vijayanagar,2022,9,9.0,75,83.0,84,0.10714285714285714,0.8928571428571429
West,Vijayanagar,Vijayanagar,2023,16,16.0,63,66.0,79,0.20253164556962025,0.7974683544303798
West,Vijayanagar,Vijayanagar,2024,6,,52,,58,0.10344827586206896,0.896551724137931
East,,W.Garden,2018,6,6.0,46,44.0,52,0.11538461538461539,0.8846153846153846
East,,W.Garden,2019,11,11.0,63,60.0,74,0.14864864864864866,0.8513513513513513
East,,W.Garden,2020,3,3.0,34,29.0,37,0.08108108108108109,0.918918918918919
East,,W.Garden,2021,9,9.0,49,55.0,58,0.15517241379310345,0.8448275862068966
East,,W.Garden,2022,6,7.0,48,51.0,54,0.1111111111111111,0.8888888888888888
West,Central,W.Garden,2023,6,6.0,59,45.0,65,0.09230769230769231,0.9076923076923077
West,Central,W.Garden,2024,6,,53,,59,0.1016949152542373,0.8983050847457628
West,,West Total,2023,202,206.0,1052,989.0,1254,0.16108452950558214,0.8389154704944178
West,,West Total,2024,164,,989,,1153,0.1422376409366869,0.8577623590633131
East,,White Field,2018,24,24.0,150,164.0,174,0.13793103448275862,0.8620689655172413
East,,White Field,2019,48,48.0,144,167.0,192,0.25,0.75
East,,White Field,2020,21,22.0,92,99.0,113,0.18584070796460178,0.8141592920353983
East,,White Field,2021,24,24.0,67,83.0,91,0.26373626373626374,0.7362637362637363
East,,White Field,2022,39,39.0,127,127.0,166,0.23493975903614459,0.7650602409638554
East,Whitefield,Whitefield,2023,43,44.0,180,163.0,223,0.19282511210762332,0.8071748878923767
East,Whitefield,Whitefield,2024,44,,145,,189,0.2328042328042328,0.7671957671957672
West,,Y.Pura,2018,20,20.0,131,130.0,151,0.13245033112582782,0.8675496688741722
West,,Y.Pura,2019,17,19.0,115,113.0,132,0.12878787878787878,0.8712121212121212
West,,Y.Pura,2020,20,20.0,85,84.0,105,0.19047619047619047,0.8095238095238095
West,,Y.Pura,2021,13,14.0,66,59.0,79,0.16455696202531644,0.8354430379746836
West,,Y.Pura,2022,13,13.0,61,55.0,74,0.17567567567567569,0.8243243243243243
North,North East,Yalahanka,2023,58,63.0,178,222.0,236,0.2457627118644068,0.7542372881355932
North,North East,Yalahanka,2024,56,,186,,242,0.23140495867768596,0.768595041322314
North,North,Yashawanthapura,2023,21,22.0,85,82.0,106,0.19811320754716982,0.8018867924528302
North,North,Yashawanthapura,2024,25,,73,,98,0.25510204081632654,0.7448979591836735
North,,Yelahanka,2018,46,48.0,175,189.0,221,0.2081447963800905,0.7918552036199095
North,,Yelahanka,2019,44,44.0,216,287.0,260,0.16923076923076924,0.8307692307692308
North,,Yelahanka,2020,40,45.0,155,169.0,195,0.20512820512820512,0.7948717948717948
North,,Yelahanka,2021,48,52.0,124,151.0,172,0.27906976744186046,0.7209302325581395
North,,Yelahanka,2022,53,56.0,151,154.0,204,0.25980392156862747,0.7401960784313726
